Gaylord Group, Port Pattie, Temporibus laborum modi sed fuga odio. Quis eos quasi laborum et vitae. Rerum perspiciatis perspiciatis ipsa officia enim ut necessitatibus. Aspernatur voluptatem officia., Perferendis aperiam consequatur quis non. Perferendis omnis et non quae quia deserunt. Dolores fuga aut.  Et nisi molestias non inventore magnam aut. Quia sunt in. Perferendis quis eum voluptatem. Molestias eligendi numquam est possimus.  Qui pariatur aut pariatur. Doloribus fuga non dolor rerum est odio consequuntur. Eos recusandae repellat quod unde odit veniam quo eos. Sed ad maiores nobis ullam tenetur saepe., Vel nihil assumenda voluptate autem neque fuga. Velit expedita et necessitatibus ut quis consectetur reiciendis et. Rem non quas et omnis voluptas sit modi asperiores qui. Provident est aut distinctio nihil omnis quaerat iure nihil ad., Odio voluptatem dicta quas quaerat expedita. Veniam animi repellendus ratione. In qui omnis aut quaerat dignissimos aut aperiam debitis nostrum., STR-0000275, Doloribus quo sed amet., 2, Unde est aliquid voluptate error voluptate., 3, 1
O'Connell Goodwin and White, New Tressie, Omnis perferendis sit quia quidem ut est reiciendis voluptatibus. Voluptatem unde at natus. Commodi et nesciunt quisquam rerum blanditiis minus voluptatem id. Eaque et fuga tempore voluptate qui laboriosam. Enim quo et facere consectetur sed est dolor. Illum adipisci et non exercitationem cupiditate hic dolores., Magni cum vel nulla dolore odit molestiae. Doloribus et exercitationem qui est molestias. Sed quia repellendus. Minima dolor dicta unde corrupti doloremque inventore sunt officiis aperiam. Qui repellendus cumque. Voluptas quia quas consectetur architecto qui tempora aspernatur autem quo.  Sint aut reprehenderit sit provident. Corrupti voluptate voluptas. Tenetur molestiae exercitationem in rerum alias voluptatem ut sed facere.  Deleniti non adipisci facere repellat quia consectetur voluptatem quam id. Illum dignissimos et ut voluptatem qui quae cumque sit. Dolores est suscipit vel ratione veniam exercitationem. Modi unde minus pariatur dolor quibusdam sequi quia. Dolores repudiandae libero voluptatem est occaecati et asperiores. Quo delectus maiores fugit amet ut distinctio tenetur aliquam., Possimus voluptates ipsum architecto blanditiis mollitia deserunt voluptatem dolores. Sint praesentium veritatis rerum perspiciatis. Et nobis non quia facere assumenda doloribus consequatur libero sint. Qui aperiam quod corporis voluptate sapiente sit est., Expedita eos autem. Fugit vitae aspernatur consequatur. Laudantium dolor maxime officia sed ea culpa non mollitia. Est iusto et non. Praesentium enim iusto., STR-0000406, Qui saepe qui aut., 3, Praesentium officia inventore dicta repudiandae omnis., 2, 1
Lebsack and Sons, Port Ervin, Dolor dolores laboriosam tempora qui tempore. Quasi saepe atque qui beatae quam. Vel deleniti tempora voluptatibus hic est ad itaque consectetur., Cumque explicabo pariatur impedit debitis facere beatae quo sit. Facilis sint soluta aperiam facilis nesciunt quia ea. Nesciunt aut velit consequatur laborum.  Et aspernatur dolor. Vel qui omnis officiis velit totam voluptatem dicta aliquam. Consequuntur tempora quae distinctio nesciunt impedit expedita. Perferendis quasi quo voluptas dolore enim. Autem eligendi est nobis aut eum. Ut minima nam velit dolorem iusto dolorum.  Saepe ipsa quo eos et necessitatibus rem saepe ducimus. Sed voluptatem perspiciatis similique quia rerum animi vel illo voluptas. Et ad sapiente ut quo repudiandae maxime ab hic. Et quis atque ab et optio., Ipsa vel necessitatibus et facere quo incidunt ut illo sapiente. Dolorem ut eum similique nostrum temporibus aut. Recusandae ut minus. Dolor et repellendus fugit harum cupiditate., Quis similique est. Aliquam adipisci animi et quam id velit natus qui recusandae. Sit est doloribus et omnis qui molestias. Itaque error minima quia et molestiae necessitatibus laboriosam. Mollitia perspiciatis aliquid ab sint nobis voluptatem. Dolor aliquid consequuntur quis., STR-0000403, Incidunt qui molestiae saepe., 2, Qui officia dolorem vel consequuntur et., 2, 1
Price Brakus and Considine, New Astrid, Minima reiciendis sunt sit voluptatum. Occaecati ut quas dolore sunt officiis debitis id qui. Porro alias autem molestiae rerum repellendus quidem voluptate. Distinctio autem doloribus vero quae. Ut hic dolorem hic quia quae illum. Commodi atque et unde fugiat laboriosam distinctio incidunt eos dolorum., Dolore aut consequuntur quia nemo soluta exercitationem. Suscipit ad sequi recusandae repellendus. Debitis et unde praesentium magni praesentium omnis cumque provident quis. Provident quo a exercitationem fugit quas rem unde omnis.  Sint beatae sapiente in est. Deserunt eaque corrupti ut non aperiam veritatis neque qui aut. Eius et a ut est aut nobis quo voluptates sapiente. Eos autem facilis repellendus expedita voluptates quos. Eos perferendis est ea assumenda quam explicabo consectetur aliquid consequuntur. Nulla deserunt consequuntur harum.  Sed placeat temporibus unde neque earum molestias qui enim quo. Et libero aliquid quia provident voluptatem culpa cupiditate. Et eum et., Veniam unde quia. Et fuga neque. Ab voluptas provident est. Dolorem tempora in. Ut repellat veritatis quam expedita ad neque., Nemo voluptatibus est sint consequuntur vel sunt modi et. Voluptas voluptate exercitationem. Odio optio dolorem., STR-0000504, Ea ratione error neque., 4, Aut eos eos beatae qui., 3, 1
Rippin - Abshire, East Kristoffer, Commodi est velit sit veritatis. Sint itaque non nulla est impedit quo occaecati itaque pariatur. Sit quae atque minus qui qui. Ex velit sunt ut dolorum cupiditate et., Similique animi voluptates. Veritatis id quo excepturi doloribus ut fuga ratione voluptatem accusamus. Animi soluta dolores blanditiis minima aut et officiis et. Nihil quas necessitatibus et quia numquam pariatur veritatis maiores quaerat. Et illum occaecati labore natus magnam unde maiores.  Qui libero a libero nisi sint numquam non sequi. Nulla et est assumenda nesciunt quis veritatis rerum molestiae. Sint expedita esse architecto totam eos laboriosam eveniet. Ut in dolor nobis. Ut quasi natus iure facere mollitia. Explicabo voluptates laboriosam architecto in alias culpa voluptates.  Dignissimos numquam omnis ex recusandae error doloribus dolorum. Occaecati fuga nostrum autem et dicta omnis rerum temporibus. Quia ea aut quia tempora occaecati est dolorem. Tenetur sit et. Non suscipit veritatis tenetur ipsam., Error pariatur fuga labore alias. Illo pariatur voluptatem consectetur optio. Et alias ut. Perferendis dolorum voluptatem quia porro., Officiis est doloremque dolorum sunt molestias. Distinctio rerum voluptatem adipisci iusto. Dolore quis et sunt distinctio inventore mollitia reiciendis animi. Saepe distinctio quod architecto quia itaque ut non vero blanditiis., STR-0000139, Inventore in in quo., 5, Quis et quos., 2, 1
Ryan Group, Fordborough, Natus non voluptatem non ratione et id nesciunt amet. Sed sit necessitatibus repudiandae. Eveniet nam quaerat illum voluptatibus placeat. Aperiam consequatur et pariatur., Tempora natus beatae non omnis neque laboriosam. Quos delectus et mollitia et repudiandae. Omnis quo beatae magni quae quia at. Non libero laborum velit eum delectus officia mollitia.  Deserunt ut reprehenderit ipsa sint nobis qui officiis. Corrupti hic esse veniam perferendis nostrum animi. Dolore velit a. Omnis ut excepturi qui vitae vel explicabo.  Esse inventore at temporibus alias nam aut et totam molestiae. Quae suscipit quo. Omnis incidunt in accusamus nisi odit praesentium., Dolor molestias qui aspernatur et. Molestiae natus libero nihil earum. Eligendi deleniti molestiae deleniti ullam dolorem et id eveniet., Provident nisi aliquid. Praesentium suscipit eum consequatur. Eligendi eligendi quisquam. Enim perferendis perferendis earum eos earum. Qui aut et., STR-0000951, Dolor praesentium omnis vero., 4, Quam ducimus sunt culpa aliquam., 1, 2
Dooley Pouros and Price, South Joshuahburgh, Quisquam non esse ab commodi modi est. Inventore animi esse aliquid tempore rerum. Consectetur aspernatur deserunt aut nisi harum fuga a voluptas sed. In neque accusantium omnis minus. Autem ex cum dignissimos voluptatem soluta quaerat., Quia voluptatem eum qui porro enim. Eos autem error rerum voluptatem consequatur quia rerum ratione nihil. Debitis quia sapiente voluptatem.  Id fugit totam. Aut fuga sit et dolorem. Architecto voluptas cupiditate molestiae libero dolorum velit corrupti optio enim. Voluptates ducimus iste enim quo natus et animi mollitia rerum. Rerum consectetur quae ad voluptatem enim. Laudantium error laborum.  Omnis autem dignissimos iusto non reiciendis officia ab deserunt. Tempore culpa voluptatem. Amet rerum quo repellat aut autem laborum dolorem. Ratione et aut voluptate. Dolorem et excepturi suscipit iure laudantium nemo molestiae dolor. Quod autem dolorum., Consequatur ratione consequatur consequatur quo repellendus mollitia ut minus qui. Qui sunt ullam voluptates numquam tenetur dignissimos. Eum necessitatibus minima voluptate aut ratione dolor placeat., Et voluptates ipsum qui quo et ratione eum ut. Numquam non quia. Alias nihil natus., STR-0000291, Fugit dolores ipsam accusantium., 5, Commodi eos officiis eos ullam dolorem eius., 1, 2
Breitenberg Inc, Annabellfort, Qui nisi neque aut hic maiores ratione a. Temporibus laboriosam non tempora earum quisquam. Non itaque distinctio sit aut. Enim mollitia maiores a. Aut aut aspernatur provident quos eum omnis labore sit. Quas aliquam occaecati est nisi., Possimus ducimus molestias ratione corporis fugiat. Necessitatibus facilis esse totam iusto. Autem quibusdam libero nam doloremque.  Velit repudiandae quis nihil repellendus alias aperiam. Vero commodi est autem deleniti voluptatem temporibus. Reiciendis et dicta. Repellat corporis et doloribus iure qui optio aspernatur beatae. Rerum qui et excepturi est aut repudiandae.  Commodi laborum et. Qui nam dolor ab reiciendis architecto unde sapiente. Veniam laborum sed aperiam itaque velit cupiditate. Totam rerum sed. Aliquid et quaerat esse deserunt omnis sapiente quia cupiditate eligendi., Eligendi asperiores eligendi voluptas sint impedit sit. Eum debitis autem asperiores suscipit sint et possimus beatae. Nesciunt in rerum facere quaerat omnis sequi exercitationem aperiam. Deserunt vel id repellendus reprehenderit accusantium et molestiae aliquid. Eos suscipit tempora commodi eum quia fugiat., Nulla ullam fugiat facere similique quos quos aut aperiam blanditiis. Modi repellat dolores. Cumque impedit quia., STR-0000206, Cumque repellat qui illum., 4, Provident ducimus vero quia., 1, 2
Harvey - Rodriguez, Lindsaytown, Non esse rerum eligendi ut placeat et. Eum ut quia ratione. Eum explicabo explicabo., Et sit quibusdam quia sunt qui est molestiae amet hic. Dolores non quae fugit. Accusantium pariatur nihil eveniet molestiae quia totam repudiandae aliquid. Pariatur consectetur id repudiandae. Perspiciatis sequi hic vitae consequatur sed animi unde labore.  Voluptatem adipisci non adipisci rerum corporis est. Commodi id totam aut enim nemo quia harum. Aut cupiditate possimus assumenda. Dolorem aut nostrum asperiores quia nihil minus enim doloremque cupiditate. Dolorem beatae debitis praesentium rerum veniam reprehenderit tenetur nam a. Et quia perspiciatis iste libero eum fuga debitis repudiandae dolor.  Et blanditiis placeat omnis eligendi quod est praesentium quam illo. Fugiat eaque aliquid. Cum ut quibusdam excepturi eaque ipsum. Temporibus porro in adipisci beatae facere harum eos impedit et. Nam quia dolore repellat sint ea omnis incidunt ad., Sapiente blanditiis odio iure quis fuga et iste vel. Voluptatem quia odit ut consequuntur. Et ipsa quibusdam magnam id consequatur rerum., Earum quos officia. Nulla omnis quis voluptas inventore. Tenetur est quasi sunt eum minima assumenda ut. At ex magni voluptates quis., STR-0000458, Tempore aut labore dolor., 1, Assumenda laboriosam similique doloremque saepe deleniti voluptates., 1, 1
Rau McLaughlin and Yundt, New Erlinghaven, Distinctio sint qui dolorum pariatur eum omnis eos aperiam. Nihil explicabo labore totam in. Quia praesentium ut quasi. Unde at harum fugiat excepturi rerum eum suscipit. Doloremque sed reiciendis consequuntur hic eaque. Officiis provident consequatur modi esse ipsa., Maxime nesciunt nesciunt. Voluptatem nam non minima pariatur molestias omnis. Et non voluptatum aut. Sint iure et facilis aut quibusdam quia dolores. Distinctio dolorem velit quasi voluptatum impedit.  Et modi aliquam iste molestiae quo. Earum esse est laboriosam id eos vel sit. Voluptatem aut id nam provident neque aut blanditiis assumenda. Atque qui in beatae voluptates repudiandae aliquam.  Doloremque sequi et numquam et magnam provident repellendus consequatur. In hic illum quis iure adipisci qui. Et officia impedit velit in molestias soluta sed corrupti. Eum nesciunt illo et facilis illo beatae. Laborum id voluptatem. Rerum et eveniet nostrum nam et., Aperiam nihil perspiciatis nisi autem provident aut incidunt. Explicabo aut fugit ut ut. Eum neque dolor sequi autem unde voluptas dolorem quidem. Sint asperiores inventore. Qui nihil quia est quia aut molestias repudiandae eum id. Ducimus enim repellendus enim atque qui enim sunt autem sit., Ut mollitia et occaecati officia non porro. Et qui asperiores doloribus temporibus sequi illum. Atque commodi esse. Laudantium inventore impedit maxime aut., STR-0000768, Deleniti nam commodi ipsum., 5, Non ut et ea cum explicabo suscipit fugit officiis., 2, 1
